Date,Open,High,Low,Close,Volume
02-07-2002,21.370001,22.783001,21.370001,22.52,588615
03-07-2002,22.267,22.799999,21.933001,22.733,162075
04-07-2002,22.667,23.333,22.667,22.966999,266625
05-07-2002,23.4,25,23.333,24.056999,408600
08-07-2002,24.003,24.867001,24.003,24.503,165600
09-07-2002,24.4,24.639999,24,24.306999,74835
10-07-2002,24.003,24.6,23.747,24.462999,93675
11-07-2002,24.267,24.267,22.4,24.056999,61380
12-07-2002,24.333,24.333,23.667,23.806999,63405
15-07-2002,24.132999,24.132999,23.052999,23.233,42795
16-07-2002,23.66,23.66,23,23.177,107070
17-07-2002,22.933001,22.983,22.02,22.443001,114600
18-07-2002,23.333,23.333,21.466999,22.513,88500
19-07-2002,22.132999,22.667,20.733,22.027,104325
22-07-2002,22,22.533001,21.667,22.226999,86790
23-07-2002,22.333,22.66,22,22.263,52935
24-07-2002,20.799999,22.933001,20.799999,22.372999,34530
25-07-2002,21.867001,23.6,21.867001,23.056999,188115
26-07-2002,23,23.433001,22.333,22.753,420480
29-07-2002,22.867001,23.6,22.066999,22.237,235215
30-07-2002,22.360001,22.667,21.333,21.52,70515
31-07-2002,20.132999,22.799999,20.132999,21.917,247245
01-08-2002,22.382999,22.382999,21.403,21.697001,36225
02-08-2002,20.667,21.993,20.667,21.683001,18165
05-08-2002,21.299999,22.120001,21.299999,22.017,95790
06-08-2002,21.983,22.299999,21.983,22.003,72615
07-08-2002,21.4,22.459999,21.4,22.253,64575
08-08-2002,22.26,22.533001,22.077,22.41,130245
09-08-2002,21.767,22.533001,21.767,22.413,62790
12-08-2002,22.066999,22.663,22.066999,22.243,31755
13-08-2002,22.083,22.6,22.083,22.367001,64410
14-08-2002,21.466999,25.267,21.466999,22.306999,71940
15-08-2002,22.306999,22.306999,22.306999,22.306999,0
16-08-2002,22.207001,22.58,22.093,22.207001,44520
19-08-2002,21.969999,22.533001,21.370001,21.700001,203220
20-08-2002,21.927,22.933001,21.799999,22.702999,137910
21-08-2002,22.966999,23,22.200001,22.35,95760
22-08-2002,22.337,22.667,21.68,22.542999,73305
23-08-2002,22.367001,22.620001,22.333,22.466999,118755
26-08-2002,22.27,22.799999,22.27,22.527,83790
27-08-2002,22.799999,22.933001,22.533001,22.549999,57975
28-08-2002,23.09,23.09,22.533001,22.566999,96015
29-08-2002,22.533001,22.867001,22.347,22.67,147930
30-08-2002,22.667,22.792999,22.6,22.683001,30945
02-09-2002,22.733,23,22.469999,22.693001,48225
03-09-2002,22.993,23,22.333,22.913,133830
04-09-2002,22.799999,22.933001,22.67,22.767,12720
05-09-2002,23.466999,24.933001,23.200001,23.357,324420
06-09-2002,23.360001,23.726999,23.200001,23.440001,104160
09-09-2002,24.933001,24.933001,22.733,22.907,44100
10-09-2002,22.907,22.907,22.907,22.907,0
11-09-2002,23.132999,23.23,22.667,22.73,318075
12-09-2002,23.299999,23.299999,22.67,22.857,75300
13-09-2002,22.066999,23.066999,22.066999,22.966999,22545
16-09-2002,22.667,23.059999,22.667,22.870001,72045
17-09-2002,22.867001,22.962999,22.747,22.867001,31845
18-09-2002,22.867001,23,22.816999,22.966999,57960
19-09-2002,23,23.132999,22.607,23.023001,287775
20-09-2002,24,24,22.74,22.806999,25680
23-09-2002,22.716999,22.983,22.639999,22.667,18975
24-09-2002,22.700001,23.333,22.607,23.247,503745
25-09-2002,22.966999,23,22.75,22.809999,10275
26-09-2002,24.667,24.667,22.67,22.84,7785
27-09-2002,23.26,23.26,22.833,22.927,15315
30-09-2002,24,24,22.67,22.783001,27465
01-10-2002,22.67,22.92,22.667,22.677,12840
02-10-2002,22.677,22.677,22.677,22.677,0
03-10-2002,22.667,23.059999,22.667,22.987,46560
04-10-2002,23,23.267,22.707001,23.087,42345
07-10-2002,21.667,23.066999,21.667,23.052999,82650
08-10-2002,22.267,23.327,22.267,22.940001,769245
09-10-2002,22.867001,23,22.693001,22.806999,85935
10-10-2002,22.933001,23,22.767,22.797001,76920
11-10-2002,22.783001,23.049999,22.74,22.959999,28455
14-10-2002,23.299999,23.299999,22.632999,22.700001,80130
15-10-2002,22.700001,22.700001,22.700001,22.700001,0
16-10-2002,23,23,22.667,22.716999,1001205
17-10-2002,23.267,23.267,22.813,22.957001,486090
18-10-2002,23.24,23.24,22.610001,22.68,80985
21-10-2002,22.707001,22.923,22.333,22.700001,319500
22-10-2002,23.132999,23.132999,22.132999,22.702999,449505
23-10-2002,22.333,23.063,22.333,22.697001,105795
24-10-2002,22.466999,22.976999,22.466999,22.643,121560
25-10-2002,22.863001,22.863001,22.333,22.610001,396735
28-10-2002,22.333,22.459999,22,22.223,348720
29-10-2002,22.01,22.267,22.01,22.087,37365
30-10-2002,22,22,21.533001,21.726999,182820
31-10-2002,21.867001,22,21.767,21.896999,33030
01-11-2002,22,22,21.333,21.547001,67995
04-11-2002,21.799999,22.4,21.799999,22.370001,11865
05-11-2002,22.107,22.466999,22.097,22.423,26295
06-11-2002,22.423,22.423,22.423,22.423,0
07-11-2002,22.726999,22.726999,21.466999,21.57,234735
08-11-2002,21.799999,21.799999,21.613001,21.667,131475
11-11-2002,21.799999,21.933001,21.207001,21.48,161295
12-11-2002,21.5,21.533001,21.299999,21.327,20775
13-11-2002,21.523001,21.733,21.33,21.709999,33360
14-11-2002,21.667,22.4,21.667,22.143,60870
15-11-2002,22.139999,22.297001,21.733,21.91,13110
18-11-2002,21.799999,21.966999,21.533001,21.58,27525
19-11-2002,21.58,21.58,21.58,21.58,0
20-11-2002,21.549999,21.726999,21.4,21.423,46080
21-11-2002,21.533001,22,21.533001,21.767,45675
22-11-2002,22,22.1,21.997,22.007,19215
25-11-2002,22.003,22.132999,22,22.023001,34650
26-11-2002,22.132999,22.263,22,22.1,27495
27-11-2002,22.200001,22.267,22.007,22.040001,24015
28-11-2002,22.003,22.083,21.969999,22.042999,21945
29-11-2002,21.802999,22.063,21.533001,21.73,194625
02-12-2002,21.933001,22.017,21.67,21.857,171555
03-12-2002,22,22,21.677,21.790001,925215
04-12-2002,21.799999,22,21.700001,21.907,6705
05-12-2002,22.4,25.333,21.889999,22.023001,23775
06-12-2002,22.167,22.200001,21.937,22.030001,61455
09-12-2002,22,22.25,21.933001,22.049999,35655
10-12-2002,21.610001,22.1,21.610001,22,2556705
11-12-2002,22.083,22.333,21.877001,22.003,1027050
12-12-2002,21.937,22.333,21.799999,22.113001,281640
13-12-2002,22,22.799999,21.870001,22.257,179070
16-12-2002,22.132999,22.200001,21.833,21.997,49470
17-12-2002,21.9,22.1,21.867001,21.962999,23265
18-12-2002,22.6,22.6,22,22.132999,33705
19-12-2002,22,22.226999,22,22.132999,662415
20-12-2002,21.037001,22.233,21.037001,21.952999,25080
23-12-2002,22,22.033001,21.667,21.68,36885
24-12-2002,21.98,21.98,21.466999,21.507,147645
25-12-2002,21.507,21.507,21.507,21.507,0
26-12-2002,21.6,22,21.333,21.790001,83250
27-12-2002,21.673,21.867001,21.566999,21.709999,9375
30-12-2002,21.933001,21.973,21.673,21.693001,26310
31-12-2002,21.733,21.867001,21.653,21.683001,82995
01-01-2003,21.667,21.75,21.667,21.677,12885
02-01-2003,21.667,21.867001,21.667,21.802999,15960
03-01-2003,21.870001,22.132999,21.833,21.84,21945
06-01-2003,21.933001,21.983,21.733,21.943001,25155
07-01-2003,21.933001,22.093,21.867001,22.063,33825
08-01-2003,22.066999,22.09,21.943001,22.056999,114570
09-01-2003,22.066999,22.132999,21.847,22.066999,51555
10-01-2003,22.063,22.132999,21.933001,22.110001,30540
13-01-2003,24.667,24.667,21.799999,21.993,59040
14-01-2003,22.263,22.466999,22.136999,22.393,45600
15-01-2003,22.267,22.627001,21.653,21.907,50295
16-01-2003,20.667,22.466999,20.667,22.423,150120
17-01-2003,22.333,22.433001,22.267,22.297001,89235
20-01-2003,22.407,22.407,22.136999,22.309999,29775
21-01-2003,20.733,22.533001,20.667,22.306999,31245
22-01-2003,22.462999,22.462999,22.267,22.377001,207600
23-01-2003,22.527,22.527,22.07,22.23,61650
24-01-2003,22.132999,22.333,22.132999,22.299999,60285
27-01-2003,22.07,22.32,21.799999,22.097,23250
28-01-2003,22.033001,22.4,22.033001,22.187,60855
29-01-2003,22.200001,22.263,21.757,21.98,33105
30-01-2003,22.01,22.08,21.733,22.02,17520
31-01-2003,21.806999,22.066999,21.667,21.73,26985
03-02-2003,21.4,22.16,21.4,21.597,54750
04-02-2003,21.533001,21.933001,21.533001,21.853001,18540
05-02-2003,21.646999,22.107,21.646999,22,108795
06-02-2003,21.870001,22,21.833,22,49860
07-02-2003,21.74,21.923,21.74,21.886999,24570
10-02-2003,21.667,21.947001,21.466999,21.687,20490
11-02-2003,22.013,22.013,21.667,21.709999,22020
12-02-2003,21.863001,21.863001,21.667,21.777,4545
13-02-2003,21.777,21.777,21.777,21.777,0
14-02-2003,21.667,21.700001,21.4,21.617001,46095
17-02-2003,21.542999,21.857,21.367001,21.51,21525
18-02-2003,21.667,21.863001,21.337,21.4,66765
19-02-2003,21.65,21.65,21.363001,21.5,47265
20-02-2003,21.466999,21.667,21.4,21.603001,149370
21-02-2003,21.6,21.733,21.556999,21.673,34065
24-02-2003,21.783001,21.797001,21.433001,21.48,13755
25-02-2003,21.466999,21.6,21.466999,21.587,22545
26-02-2003,21.667,21.667,21.333,21.34,16515
27-02-2003,21.35,21.6,21.34,21.423,10200
28-02-2003,21.473,21.646999,21.003,21.177,45405
03-03-2003,21.549999,21.549999,20.933001,21.023001,122715
04-03-2003,21.667,21.667,20.733,20.833,58515
05-03-2003,21.299999,21.299999,20.667,20.773001,212100
06-03-2003,20.9,21.007,20.870001,20.93,16500
07-03-2003,20.933001,21.450001,20.867001,21.343,49020
10-03-2003,21.667,22.066999,21.4,21.903,97065
11-03-2003,21.667,22.200001,21.667,22.163,568125
12-03-2003,22,22.1,21.933001,22.049999,31560
13-03-2003,21.993,22.200001,21.867001,22.139999,41265
14-03-2003,22.139999,22.139999,22.139999,22.139999,0
17-03-2003,22.033001,22.33,21.77,22.040001,76605
18-03-2003,22.040001,22.040001,22.040001,22.040001,0
19-03-2003,22.333,23.933001,22,22.617001,314415
20-03-2003,22.333,23,22.280001,22.933001,142350
21-03-2003,22.933001,23.063,22.816999,23.027,190095
24-03-2003,22.333,23.290001,22.333,23.219999,279615
25-03-2003,22.993,23.132999,22.533001,22.790001,229980
26-03-2003,22.783001,22.783001,22.476999,22.583,19845
27-03-2003,22.4,22.667,22.367001,22.566999,30765
28-03-2003,22.367001,22.367001,22.08,22.207001,12105
31-03-2003,22.132999,22.333,21.886999,22,179940
01-04-2003,21.533001,21.966999,21.367001,21.917,23235
02-04-2003,21.933001,22.059999,21.799999,21.983,4500
12-03-2003,22,22.1,21.933001,22.049999,31560
13-03-2003,21.993,22.200001,21.867001,22.139999,41265
14-03-2003,22.139999,22.139999,22.139999,22.139999,0
03-01-2000,16.6,17,16.6,17,332590
04-01-2000,18.200001,18.344999,17.1,17.379999,1687100
05-01-2000,17,17.389999,16.5,16.695,1598200
06-01-2000,16.799999,17,16.530001,16.83,850260
07-01-2000,16.215,17.1,16.215,16.834999,851440
10-01-2000,17.290001,17.950001,16.5,16.59,1004340
11-01-2000,16.65,16.790001,15.7,16.34,1457840
12-01-2000,16.375,16.795,16.23,16.545,859520
13-01-2000,16.99,16.99,16.5,16.51,482760
14-01-2000,16.799999,16.799999,16.4,16.545,581520
17-01-2000,17.4,17.870001,17.205,17.870001,1374040
18-01-2000,17.870001,17.870001,16.455,16.57,2556520
19-01-2000,17.200001,17.9,17.200001,17.9,3498180
20-01-2000,18.48,18.48,17.6,17.860001,2690980
21-01-2000,17.6,19.200001,17.209999,18.815001,4723290
24-01-2000,19.879999,20.32,19.299999,20.055,4493660
25-01-2000,19.9,21.66,19.9,21.66,2902910
26-01-2000,21.66,21.66,21.66,21.66,0
27-01-2000,22.4,23.395,22.125,22.969999,5635820
28-01-2000,23,23.299999,22.4,22.790001,4791650
31-01-2000,23.01,24.615,23.01,23.775,6373800
01-02-2000,23.6,24.4,23.5,24.094999,3907790
02-02-2000,26.02,26.025,23.9,24.4,3438320
03-02-2000,24.4,25,22.450001,22.594999,2846870
04-02-2000,22.995001,23.200001,21.75,22.895,2657040
07-02-2000,23.5,24.73,23,24.67,3890350
08-02-2000,25,25.379999,24.01,25.075001,3052080
09-02-2000,25.5,26.1,24.610001,25.25,3172330
10-02-2000,25,26.200001,24.825001,25.174999,2100860
11-02-2000,25.51,25.9,23.165001,23.209999,2648230
14-02-2000,23.5,23.5,22.014999,23.344999,2525440
15-02-2000,23.4,23.5,22.51,22.76,1940870
16-02-2000,24.49,24.584999,23,24.584999,706000
17-02-2000,25.77,25.77,24.815001,25.040001,2341600
18-02-2000,25.1,25.299999,23.9,24.26,1187770
21-02-2000,24.325001,24.799999,23.51,23.615,1104720
22-02-2000,23.605,24,21.73,21.754999,1748060
23-02-2000,22.6,23.49,21.75,21.945,1345080
24-02-2000,22.200001,23,21.549999,22.700001,878920
25-02-2000,22.995001,23.4,22.200001,22.700001,1265320
28-02-2000,22.985001,23,22,22.754999,857210
29-02-2000,22.799999,23.9,20.950001,21.68,2586880
01-03-2000,21.799999,23.415001,21.799999,23.415001,320940
02-03-2000,25,25.290001,25,25.290001,399360
03-03-2000,27.315001,27.315001,27.315001,27.315001,642940
06-03-2000,29.495001,29.5,25.5,26.605,2036410
07-03-2000,26.5,26.790001,25.5,25.82,1624120
08-03-2000,26.5,27.889999,26.200001,27.205,2004770
09-03-2000,27.014999,28,25.1,26.959999,1339790
10-03-2000,26.125,26.299999,24.805,25.415001,1468330
13-03-2000,25,27.450001,25,26.995001,2079820
14-03-2000,27.549999,28,25.6,26.540001,1782020
15-03-2000,27,27,24.700001,25.985001,827860
16-03-2000,26.200001,26.200001,25.504999,25.695,1324640
17-03-2000,25.695,25.695,25.695,25.695,0
20-03-2000,25.695,25.695,25.695,25.695,0
21-03-2000,26,26,24.67,25.58,1601110
22-03-2000,25.975,26.5,25.405001,26.115,761300
23-03-2000,25.825001,28.205,25.825001,28.040001,2538440
24-03-2000,27.51,27.775,26.450001,27.34,1171540
27-03-2000,27.5,27.799999,26.625,27.17,611310
28-03-2000,26.85,27.85,26.805,27.51,983640
29-03-2000,27.6,28.795,26.305,26.540001,984800
30-03-2000,25.65,26.6,25.1,26.254999,953680
31-03-2000,25.299999,26,25.200001,25.719999,743600
03-04-2000,25.995001,27.299999,24.014999,24.715,1685880
04-04-2000,24.299999,24.299999,22.74,22.74,717830
05-04-2000,23.200001,23.200001,20.924999,20.924999,872810
06-04-2000,20.700001,21.200001,19.254999,19.254999,835060
07-04-2000,19.5,20.795,18.504999,20.795,1609290
10-04-2000,22.450001,22.459999,21.995001,22.459999,1560560
11-04-2000,22.459999,23.49,20.9,22.620001,2959330
12-04-2000,23.799999,24.299999,22.299999,23.299999,1309010
13-04-2000,22.9,23.4,21.5,23.145,1913160
14-04-2000,23.145,23.145,23.145,23.145,0
17-04-2000,22.5,22.5,21.295,21.295,1283290
18-04-2000,21.405001,22.49,21.405001,22.209999,1368980
19-04-2000,22.9,23.200001,21.9,22.645,1409530
20-04-2000,22.299999,22.700001,21.530001,22.57,1793970
21-04-2000,22.57,22.57,22.57,22.57,0
24-04-2000,22.5,23.59,22.450001,23.209999,1986360
25-04-2000,22.809999,23.5,22,23.094999,2560160
26-04-2000,23.99,24.945,23.125,24.924999,1889780
27-04-2000,25.469999,25.5,23.309999,24.549999,2557680
28-04-2000,24.205,24.950001,24.004999,24.514999,1672490
01-05-2000,24.514999,24.514999,24.514999,24.514999,0
02-05-2000,24.700001,25.4,24,25.120001,2538730
03-05-2000,24.299999,24.99,23.25,24.620001,2228920
04-05-2000,25.49,25.700001,24.610001,25.08,1722450
05-05-2000,24.85,27,24.725,25.985001,2844190
08-05-2000,26.5,27.5,25.6,26.045,1382200
09-05-2000,25.6,26.495001,25.299999,26.139999,1142880
10-05-2000,26,26.5,25.200001,26.264999,1874770
11-05-2000,25.51,27.09,25.405001,26.58,2431380
12-05-2000,27.139999,27.139999,26.01,26.209999,1296980
15-05-2000,25.805,26.200001,25.1,25.709999,1653130
16-05-2000,25.700001,26.174999,25.5,25.625,1074070
17-05-2000,26,26.1,25.51,25.805,801430
18-05-2000,25.51,25.9,25.5,25.605,488710
19-05-2000,25.205,26.049999,25.205,25.575001,2169050
22-05-2000,25.6,25.790001,24.325001,24.885,1101500
23-05-2000,24.700001,24.700001,21.905001,23.375,2039100
24-05-2000,23,25.245001,22.01,24.209999,3198410
25-05-2000,24.25,24.75,23.01,23.360001,1576310
26-05-2000,23.110001,23.594999,22.51,23.025,1387350
29-05-2000,22.805,23.15,21.200001,22.465,1411510
30-05-2000,22.700001,22.950001,21.6,22.379999,1467450
31-05-2000,23.1,23.940001,22.5,23.030001,1526690
01-06-2000,22.700001,23.200001,22.6,22.924999,935730
02-06-2000,23.200001,24.700001,23.200001,24.450001,2218470
05-06-2000,24.610001,26.35,24.415001,24.705,1571110
06-06-2000,25.5,25.5,23.700001,24.459999,917930
07-06-2000,23.799999,24.040001,23.4,23.950001,800020
08-06-2000,24,24.49,23.700001,24.035,636620
09-06-2000,24.200001,25,24.200001,24.525,1082110
12-06-2000,24.65,24.9,24.309999,24.434999,641440
13-06-2000,24,25.5,23.9,25.360001,1140140
14-06-2000,25.9,25.9,24.9,25.030001,707300
15-06-2000,25.105,25.299999,24.754999,25.09,635020
16-06-2000,24.299999,25.295,24.299999,25.1,558130
19-06-2000,24.525,25.299999,24.514999,25.165001,741850
20-06-2000,25.49,25.870001,24.65,25.459999,1007540
21-06-2000,25.799999,26.299999,25.309999,25.620001,1839140
22-06-2000,25.809999,26.200001,25.6,25.709999,650740
23-06-2000,25.41,25.9,25.41,25.74,757810
26-06-2000,25.434999,25.745001,25.415001,25.514999,660410
27-06-2000,25.5,25.5,25.1,25.190001,743320
28-06-2000,26,26,24.809999,25.045,603830
29-06-2000,25.15,25.9,25.1,25.76,774040
30-06-2000,25.5,25.57,25.200001,25.235001,384500
03-07-2000,25.309999,27.799999,25.205,26.865,2004340
04-07-2000,26.799999,28.084999,26.6,27.885,3134290
05-07-2000,28.48,28.48,27.125,27.799999,2192710
06-07-2000,27.799999,27.99,27.27,27.594999,957330
07-07-2000,27.700001,28.5,27.504999,28.18,2121980
10-07-2000,28,28.299999,27.299999,27.57,1441670
11-07-2000,27.9,28,27.4,27.485001,918410
12-07-2000,27.5,27.870001,26.1,26.790001,1829150
13-07-2000,27.389999,27.615,26.215,26.584999,2059660
14-07-2000,26.504999,27,26.41,26.58,775550
17-07-2000,26.41,26.424999,25.4,25.434999,1125760
18-07-2000,25.424999,25.540001,25,25.025,1426120
19-07-2000,24.799999,25.295,24.799999,25.125,694040
20-07-2000,25,25.799999,24.51,24.834999,988110
21-07-2000,24.85,24.985001,24.01,24.16,1148120
24-07-2000,23.504999,23.799999,22.51,23.120001,2139820
25-07-2000,22.6,24.870001,22.26,24.264999,1023310
26-07-2000,24.9,25.200001,24.25,24.5,607630
27-07-2000,24.334999,24.58,24.1,24.450001,309420
28-07-2000,24.205,24.559999,23.4,23.51,1299440
31-07-2000,23.5,23.6,23,23.290001,246430
01-08-2000,23.59,23.59,22.620001,22.745001,731000
02-08-2000,22.85,22.99,21.799999,22.4,1170800
03-08-2000,22.48,25.790001,22.405001,25.245001,2954030
04-08-2000,24.5,25.4,24.225,24.975,2838820
07-08-2000,24.805,25,22.98,23.52,1494150
08-08-2000,23.209999,25.790001,23.1,25.305,1966720
09-08-2000,25.42,25.5,24.200001,24.405001,637310
10-08-2000,24.200001,24.9,24.125,24.365,439490
11-08-2000,23.504999,24.440001,23.504999,24.219999,506620
14-08-2000,24.209999,24.450001,24.125,24.35,551750
15-08-2000,24.35,24.35,24.35,24.35,0
16-08-2000,24.6,24.75,24.4,24.6,309750
17-08-2000,24.469999,25.5,24.469999,24.695,1182700
18-08-2000,24.4,24.4,23.700001,23.955,2462310
21-08-2000,23.51,23.799999,22.629999,23.52,2801190
22-08-2000,23.32,23.32,22.9,23.049999,1111770
23-08-2000,24.299999,24.299999,23.1,23.280001,1075740
24-08-2000,23.299999,23.379999,23.07,23.155001,390670
25-08-2000,23.01,24.67,23.01,23.879999,2312720
28-08-2000,24.200001,24.200001,23.495001,23.52,429230
29-08-2000,23.4,23.719999,23.1,23.475,936450
30-08-2000,23.700001,23.98,23.5,23.59,1113170
31-08-2000,23.440001,24,23.440001,23.934999,438410
01-09-2000,23.934999,23.934999,23.934999,23.934999,0
04-09-2000,24,24.299999,23.700001,23.844999,481800
05-09-2000,23.709999,24.5,23.700001,23.924999,869690
06-09-2000,24,24.9,24,24.254999,1091950
07-09-2000,23.885,24.5,23.885,24.01,697550
08-09-2000,23.809999,24.395,23.809999,23.855,664760
11-09-2000,23.9,24.200001,23.9,24.01,673660
12-09-2000,23.91,23.975,23.549999,23.625,930850
13-09-2000,23.799999,23.85,23.51,23.584999,473020
14-09-2000,23.305,23.625,23.200001,23.25,924750
15-09-2000,23.110001,23.110001,22.35,22.764999,1839060
18-09-2000,22.5,22.5,19.700001,20.934999,4094360
19-09-2000,20.65,23.5,19.805,23.035,3391350
20-09-2000,23.4,23.6,22.01,22.504999,1342330
21-09-2000,22.5,22.625,22.01,22.405001,788790
22-09-2000,22.004999,22.290001,21.5,21.690001,1413240
25-09-2000,22,22.424999,21.555,22.379999,682890
26-09-2000,22.200001,22.4,22.025,22.235001,910820
27-09-2000,22,22.74,21.799999,22.665001,616410
28-09-2000,22.74,22.795,22,22.389999,1231040
29-09-2000,22.799999,24.049999,22.27,23.424999,1612480
02-10-2000,23.424999,23.424999,23.424999,23.424999,0
03-10-2000,23.4,24,23,23.93,1015840
04-10-2000,24,24,23.205,23.610001,538430
05-10-2000,23.6,23.75,23.205,23.465,534020
03-01-2000,122.070313,122.071877,122.070313,122.071877,657536
04-01-2000,131.25,131.837891,126.976563,131.686722,7191808
05-01-2000,122.664063,126.953125,121.151955,121.151955,21069440
06-01-2000,119.192581,119.53125,111.459763,111.459763,10495616
07-01-2000,102.542969,102.542969,102.542969,102.542969,971392
10-01-2000,102.542969,110.746094,94.339844,107.478905,30230400
11-01-2000,103.125,107.8125,98.880859,98.880859,15658368
12-01-2000,93.359375,104.289063,91.921875,102.168358,25993472
13-01-2000,102.34375,102.726563,93.994919,94.457809,20038400
14-01-2000,95.695313,96.070313,87.523438,95.128128,16040064
17-01-2000,95.3125,100.664063,91.5625,92.741409,18092928
18-01-2000,91.716408,95.070313,88.476563,93.247269,20290944
19-01-2000,98.015625,100.707031,97.03125,100.70195,19994752
20-01-2000,103.125,105.867188,98.523438,99.586327,19778560
21-01-2000,100.78125,106.171875,97.679688,104.845314,20786048
24-01-2000,106.25,113.195313,106.25,108.428123,25256320
25-01-2000,107.8125,111.328125,104.687889,110.229691,20469632
26-01-2000,110.229691,110.229691,110.229691,110.229691,0
27-01-2000,118.28125,118.75,113.953125,115.480469,12953792
28-01-2000,116.03125,120.296875,116.03125,118.930466,17281536
31-01-2000,117.742188,117.875,111.359375,112.839066,7598272
01-02-2000,113.28125,116.40625,111.71875,115.896873,7055424
02-02-2000,118.59375,120.3125,114.835938,115.090622,9491520
03-02-2000,115.875,117.34375,115.15625,116.262497,6032064
04-02-2000,116.796875,124.21875,116.796875,123.389847,20176704
07-02-2000,123.421875,133.261719,123.421875,132.753128,16988608
08-02-2000,132.734375,142.96875,132.734375,139.034378,14902784
09-02-2000,146.859375,146.859375,134.375,136.089844,10595520
10-02-2000,137.484375,144.921875,137.484375,143.890625,18777728
11-02-2000,144.828125,155.402344,144.828125,155.402344,2100224
14-02-2000,167.835159,167.835159,167.835159,167.835159,1518912
15-02-2000,167.835159,167.835159,154.4086,155.652344,21339968
16-02-2000,157.03125,160.9375,150.546875,156.8414,12720448
17-02-2000,156.25,168.75,156.25,160.910934,12125248
18-02-2000,162.796875,164.0625,152.734375,154.134369,10628288
21-02-2000,153.90625,164.0625,151.578125,160.230469,17751552
22-02-2000,161.546875,161.546875,152.34375,153.595306,12066560
23-02-2000,164.0625,164.0625,141.307816,143.983597,11944576
24-02-2000,146.71875,150.765625,140.4375,145.265625,8260480
25-02-2000,146.875,148.2789,138.28125,140.425003,4929856
28-02-2000,139.0625,139.0625,129.191406,132.964066,7616384
29-02-2000,134.375,143.601563,130.46875,137.178131,16031808
01-03-2000,142.171875,148.152344,140.625,148.152344,6285824
02-03-2000,158.355469,160.004684,155.189056,160.004684,1607040
03-03-2000,172.805466,172.805466,172.805466,172.805466,1708224
06-03-2000,186.557037,186.630463,165,186.630463,1385792
07-03-2000,200,201.560944,200,201.560944,3477312
08-03-2000,210.15625,217.685944,187.265625,192.422653,22432768
09-03-2000,198.28125,203.125,181.71875,185.289841,8334720
10-03-2000,189.046875,199.140625,178.539841,182.262497,10259648
13-03-2000,182.8125,190.609375,167.682037,167.682037,7513664
14-03-2000,159.53125,159.53125,154.267975,154.267975,8390592
15-03-2000,142.671875,160.15625,141.926559,155.733597,16262144
16-03-2000,150,150,143.274994,143.274994,5725568
17-03-2000,143.274994,143.274994,143.274994,143.274994,0
20-03-2000,143.274994,143.274994,143.274994,143.274994,0
21-03-2000,143.671875,154.737503,132.984375,154.737503,14633344
22-03-2000,151.5625,167.117188,148.4375,167.098434,9580544
23-03-2000,171.25,180.3125,158.59375,160.375778,14267456
24-03-2000,157.96875,173.125,157.96875,169.116409,12254144
27-03-2000,164.0625,171.859375,160.9375,161.989838,8076992
28-03-2000,157.828125,159.375,150.955475,155.431244,8920448
29-03-2000,159.375,166.875,158.609375,159.201569,6539904
30-03-2000,154.6875,154.6875,146.5625,152.276566,7659648
31-03-2000,150,150,140.094528,140.1586,8080640
03-04-2000,132.828125,140.625,128.946091,128.946091,3743552
04-04-2000,118.63047,118.63047,118.63047,118.63047,400192
05-04-2000,110.171875,128.109375,110.171875,121.83828,28349120
06-04-2000,122.6875,131.585938,114.078125,131.489059,30059968
07-04-2000,142.008591,142.008591,142.008591,142.008591,222400
10-04-2000,153.369537,153.369537,153.369537,153.369537,210624
11-04-2000,153.369537,165.639069,141.421875,165.612503,27174080
12-04-2000,162.34375,165.203125,156.09375,157.453125,16391936
13-04-2000,154.688278,154.688278,144.857025,144.857025,3314176
14-04-2000,144.857025,144.857025,144.857025,144.857025,0
17-04-2000,133.268753,133.268753,133.268753,133.268753,220096
18-04-2000,133.268753,137.484375,122.607811,122.607811,14944384
19-04-2000,132.40625,132.40625,112.799217,113.282028,25509632
20-04-2000,106.28125,122.15625,104.234375,118.805466,36772800
21-04-2000,118.805466,118.805466,118.805466,118.805466,0
24-04-2000,121.84375,123.421875,112.65625,115.178123,17368064
25-04-2000,112.75,115.53125,105.964066,112.06797,16440064
26-04-2000,120.982033,120.982811,119.546875,120.982811,4330048
27-04-2000,124.84375,127.71875,120.982811,124.816406,24835072
28-04-2000,126.5625,132.625,124.296875,126.90078,19109696
01-05-2000,126.90078,126.90078,126.90078,126.90078,0
02-05-2000,128.90625,132.34375,121.015625,123.176559,25582336
03-05-2000,114.84375,123.421875,108.395309,119.514061,32888000
04-05-2000,120.15625,128.59375,117.96875,127.805466,25117504
05-05-2000,128.59375,136.4039,128.59375,133.84375,30822080
08-05-2000,134.359375,136.5625,117.8125,118.715622,48399424
09-05-2000,117.203125,124.140625,109.375,123.0625,31215296
10-05-2000,124.21875,124.609375,117.96875,121.264847,24130816
11-05-2000,118.90625,118.90625,107.972656,110.327347,31749632
12-05-2000,111.71875,114.0625,105.507813,107.201561,32175744
15-05-2000,106.328125,112.34375,94.548439,108.426559,43260224
16-05-2000,109.359375,110.9375,105,107.248436,30106112
17-05-2000,111.978127,115.828903,107.515625,108.794533,24953152
18-05-2000,108.59375,109.296875,105.5,107.778908,16329728
19-05-2000,107.814842,107.814842,98.464066,100.88047,35789312
22-05-2000,97.78125,97.78125,91.109375,92.796875,27676736
23-05-2000,90.625778,96.387497,86.328903,94.00547,34424576
24-05-2000,92.203125,95.859375,89.0625,94.489059,38866432
25-05-2000,95.15625,98.71875,93.75,94.361717,34255680
26-05-2000,95.078125,95.90625,91.015625,93.41172,36218496
29-05-2000,92.375,93.125,87.189064,92.052345,26640576
30-05-2000,92.578125,98.90625,91.441406,97.921097,26278080
31-05-2000,104.359375,109.671875,104.359375,109.355469,21896192
01-06-2000,108.59375,111.28672,106.765625,109.27578,26854272
02-06-2000,110,120.15625,110,117.721878,39140928
05-06-2000,118.75,131.848434,118.75,125.030472,27895872
06-06-2000,125.8125,127.65625,121.875,124.55703,28894656
07-06-2000,122.65625,126.03125,120.3125,122.446877,28549120
08-06-2000,122.578125,124.984375,121.875,123.545311,20242496
09-06-2000,124.217186,127.810158,122.96875,123.985153,32154624
12-06-2000,122.265625,124.65625,120.640625,121.315628,14581632
13-06-2000,120.330467,122.578125,116.421875,121.413284,19440384
14-06-2000,120.140625,124.203125,120.140625,122.079689,15804032
15-06-2000,121.90625,131.234375,121.125,129.411713,47780928
16-06-2000,128.140625,132.65625,127.328125,131.103912,32008768
19-06-2000,131.25,135.4375,128.921875,133.839066,39349376
20-06-2000,133.359375,139.84375,133.359375,136.389847,25223040
21-06-2000,139.0625,139.0625,131.71875,132.824219,27506944
22-06-2000,132.8125,134.265625,131.265625,133.009369,21713344
23-06-2000,132.75,132.75,127.59375,129.050781,22021824
26-06-2000,128.125778,128.125778,122.657814,126.299217,17510144
27-06-2000,127.796875,129.826569,125.078125,127.460938,19903872
28-06-2000,126.5625,129.0625,123.46875,128.387497,12160960
29-06-2000,129.203125,135.140625,129.203125,131.101563,16867520
30-06-2000,129.78125,130.46875,127.359375,129.850006,15405760
03-07-2000,131.09375,134.671875,131.09375,134.117966,21234432
04-07-2000,134.6875,137.46875,134.390625,136.7164,22397056
05-07-2000,137.3125,137.6875,133.6875,134.382034,15825792
06-07-2000,133.828125,133.828125,130.78125,132.316406,13693696
07-07-2000,132.654694,134.68515,132.126556,132.619537,16222208
10-07-2000,132.96875,133.75,129.125,129.634369,15590016
11-07-2000,130.203125,133.203125,128.75,129.269531,26963328
12-07-2000,129.296875,131.234375,126.40625,130.649216,29184832
13-07-2000,132,133.280472,124.21875,125.486717,27476480
14-07-2000,123.438278,125.59375,120.015625,121.407028,54850688
17-07-2000,121.09375,122.185936,118.90625,120.196877,26524928
18-07-2000,120.265625,120.296875,115.1875,116.477341,38106752
19-07-2000,110.946877,116.875,110.659378,114.454689,30771840
20-07-2000,113.921875,115.225784,112.578125,114.800781,22578560
21-07-2000,115.225784,117.34375,114.078125,114.832809,28321024
24-07-2000,113.46875,113.46875,105.71875,107.059372,33885440
25-07-2000,101.5625,113.203125,99.25,111.225784,49228288
26-07-2000,113.5625,114.046875,103.142967,104.001564,34172416
27-07-2000,103.125,107.015625,99.296875,106.050003,39879680
28-07-2000,106.640625,110.390625,105.015625,106.957809,44182464
31-07-2000,107.03125,107.953125,103.921875,105.644531,21621248
01-08-2000,106.875,107.78125,104.884377,105.439842,23805504
02-08-2000,103.5,104.03125,101.328125,103.548439,26991616
03-08-2000,102.8125,102.8125,98.4375,100.790627,26974272
04-08-2000,100.171875,103.578125,97.743752,98.831253,45206336
07-08-2000,99.515625,101.40625,98.75,100.606247,24836928
08-08-2000,101.40625,116.703903,101.40625,116.550781,75971520
09-08-2000,120.15625,122.5,117.578125,118.30703,45188416
10-08-2000,117.34375,119.90625,112.832809,113.602341,34988928
11-08-2000,113.078125,117.109375,111.484375,113.055466,51963008
14-08-2000,113.984375,114.796875,112.046875,113.757813,30925184
15-08-2000,113.757813,113.757813,113.757813,113.757813,0
16-08-2000,116.015625,121.703125,115.796875,120.864059,42290944
17-08-2000,121.375,122.25,117.65625,118.153908,23591296
18-08-2000,118.003128,125.233597,118.003128,124.545311,75263168
21-08-2000,124.984375,126.3125,121.890625,124.467186,43158912
22-08-2000,124.765625,134.421875,124.765625,129.62265,42816704
23-08-2000,127.234375,128.278122,125.015625,125.716408,25796928
24-08-2000,125,129.296875,124.390625,128.297653,36830464
25-08-2000,129.296875,129.998444,126.5625,127.435158,35749120
28-08-2000,127.1875,128.125,121.484375,121.842186,25876480
29-08-2000,121.094528,123.59375,119.859375,122.522659,31858112
30-08-2000,121.890625,124.53125,121.875,122.690628,24905024
31-08-2000,122.265625,132.34375,122.039841,130.106247,93071232
01-09-2000,130.106247,130.106247,130.106247,130.106247,0
04-09-2000,131.25,135.9375,131.25,134.521881,43716224
05-09-2000,134.6875,135.140625,132.421875,133.314056,25474368
06-09-2000,131.4375,132.328125,129.219528,130.632813,26717312
07-09-2000,129.453125,132,128.454681,130.595306,32404992
08-09-2000,131.09375,134.984375,131.09375,134.104691,51575296
11-09-2000,134.375,137.890625,132.65625,135.652344,53541568
12-09-2000,135.9375,139.28125,133.907806,138.146881,56493952
13-09-2000,137.625,139.828125,135.546875,136.189056,56983296
14-09-2000,136.328125,138.046875,130.640625,134.242966,83144704
15-09-2000,132.984375,134.75,132.03125,132.778122,54026048
18-09-2000,132.0625,132.0625,124.453125,125.103905,53970496
19-09-2000,123.515625,124.140625,115.78125,119.402344,52265984
20-09-2000,122.65625,124.609375,118.359375,121.818748,22970176
21-09-2000,121.046875,121.265625,117.96875,118.433594,21081664
22-09-2000,117.59375,117.59375,108.984375,110.018753,51416128
25-09-2000,114.515625,118.820313,114.0625,117.830467,36492672
26-09-2000,119.53125,119.53125,112.376564,113.246872,33702976
27-09-2000,112.5,117.5,109.78125,116.580467,42644736
28-09-2000,116.265625,118.671875,113.306252,115.262497,33791104
29-09-2000,115.828125,117.34375,114.46875,115.019531,29249344
02-10-2000,115.019531,115.019531,115.019531,115.019531,0
03-10-2000,114.453125,118.90625,111.71875,116.728127,41659520
04-10-2000,114.0625,120.1875,114.0625,119.557816,44959680
05-10-2000,118.515625,120.703125,116.9375,117.453903,41379840
03-01-2000,15.422222,15.744444,15,15.744444,25322175
04-01-2000,15.866666,16.200001,15.428888,15.83,32068665
05-01-2000,15.916666,16.864445,14.666666,16.137777,62196705
06-01-2000,16.466665,17.428888,16.466665,17.428888,32472810
07-01-2000,18.497778,18.823334,18.311111,18.823334,10404405
10-01-2000,20.247778,20.33,19.444445,20.33,54891810
11-01-2000,20.044443,21.155556,19.246666,19.637777,106926930
12-01-2000,20.111111,20.533333,19.34,19.741112,27736470
13-01-2000,20,20.799999,19.355555,19.549999,30018285
14-01-2000,19.553333,20.082222,19.182222,19.723333,25892145
17-01-2000,20.110001,20.110001,18.145555,18.163334,79375635
18-01-2000,17.911112,18.444445,17.688889,18.252222,36333945
19-01-2000,18.444445,18.844444,17.799999,18.357777,19189800
20-01-2000,18.444445,18.444445,17.304443,17.468887,21826980
21-01-2000,17.444445,18.797777,17.444445,18.478888,54041490
24-01-2000,18.577778,19.066666,17.388887,17.610001,69614775
25-01-2000,17.333332,17.333332,16.201111,16.212221,55845675
26-01-2000,16.212221,16.212221,16.212221,16.212221,0
27-01-2000,16.688889,17.51,15.111111,17.307777,84060675
28-01-2000,17.044443,17.044443,15.923333,15.982222,57447135
31-01-2000,15.8,16.177776,15.222222,15.382222,44699445
01-02-2000,15.488888,16.038889,15.355555,15.59,51973560
02-02-2000,16,16.282223,15.822222,15.867777,27027315
03-02-2000,16.022223,16.133333,15.666666,15.757777,16067520
04-02-2000,15.844444,15.995555,15.355555,15.455555,19718640
07-02-2000,15.744444,16.692223,15.744444,16.606667,43533990
08-02-2000,16.913334,17.733334,16.799999,16.961111,43611480
09-02-2000,17.43111,18.318888,17.155556,18.318888,30496320
10-02-2000,19.784445,19.784445,19.784445,19.784445,914535
11-02-2000,21.367777,21.367777,21.367777,21.367777,1949355
14-02-2000,22.186666,23.044443,20.044443,20.723333,50505660
15-02-2000,20.555555,22.381111,20.222221,22.366667,66075660
16-02-2000,22.879999,23.711111,21.666666,22.16,73780875
17-02-2000,22.200001,23.442223,22.045555,22.891111,86617935
18-02-2000,23,23.333332,21.059999,21.262222,49126365
21-02-2000,22,22.4,21.333332,21.775555,43757370
22-02-2000,21.888887,22.196667,20.502222,20.917776,48984435
23-02-2000,21.133333,22.200001,19.244444,19.245556,32153490
24-02-2000,19.244444,19.555555,18.022223,18.726665,26776935
25-02-2000,19.304443,19.304443,17.799999,18.003332,15433560
28-02-2000,18.222221,18.641111,17.468887,17.855555,15017760
29-02-2000,18,18.200001,16.427776,16.596666,58583295
01-03-2000,16.446667,17.422222,15.777777,16.75,39355560
02-03-2000,16.911112,17.333332,15.875555,16.102222,48140865
03-03-2000,16.355555,16.355555,14.814444,15.007777,31347810
06-03-2000,15.488888,16.208887,15.488888,16.208887,21424815
07-03-2000,16.555555,17.505554,16.266666,17.346666,42953940
08-03-2000,18.222221,18.734444,17.333332,17.945555,36740205
09-03-2000,18.111111,18.822222,17.491112,18.415554,40036455
10-03-2000,18.665554,19.266666,18.00111,18.608889,30569670
13-03-2000,19.266666,20.097776,17.777777,18.423332,50532345
14-03-2000,18.333332,19.51111,17.577778,19.088888,50349870
15-03-2000,19.111111,19.444445,18.355555,18.926666,20189790
16-03-2000,19.088888,19.088888,17.413334,17.458887,21512565
17-03-2000,17.458887,17.458887,17.458887,17.458887,0
20-03-2000,17.458887,17.458887,17.458887,17.458887,0
21-03-2000,17.222221,17.508888,16.062222,16.114445,17817120
22-03-2000,16.555555,17.111111,16.355555,16.454445,20216160
23-03-2000,16.597776,16.617777,15.488888,15.661111,13446405
24-03-2000,15.822222,16.288889,15.822222,16.031111,11628765
27-03-2000,16.108889,16.266666,15.778888,16.01111,10973475
28-03-2000,16.044443,16.086666,15.381111,15.598888,17347905
29-03-2000,16,16.666666,15.822222,16.07,15639570
30-03-2000,16.219999,16.755554,15.8,16.003332,27174420
31-03-2000,15.8,16.707777,15.777777,16.476665,26376660
03-04-2000,16.442223,17.795555,16.023333,17.711111,77401125
04-04-2000,17.444445,17.444445,16.294443,16.294443,26158905
05-04-2000,15.111111,16.444445,15.001111,15.527777,31782105
06-04-2000,15.666666,15.8,14.357777,15.173333,19412370
07-04-2000,15.155555,16.308887,15.155555,16.243334,48931065
10-04-2000,16.333332,17.151112,16.111111,16.355555,65756160
11-04-2000,16.135555,16.177776,15.622222,15.933333,21574395
12-04-2000,16.111111,16.435555,15.888888,16.041111,15921090
13-04-2000,15.59,15.59,15.111111,15.236666,18104850
14-04-2000,15.236666,15.236666,15.236666,15.236666,0
17-04-2000,15.111111,15.111111,14.017777,14.017777,14576715
18-04-2000,14.017777,14.383333,12.896666,12.904444,31004595
19-04-2000,13.755555,13.755555,12.4,12.937777,34064820
20-04-2000,12.7,12.998888,12.058888,12.793333,41329575
21-04-2000,12.793333,12.793333,12.793333,12.793333,0
24-04-2000,12.777777,12.777777,11.77,11.798888,28114110
25-04-2000,11.126666,11.688888,10.884444,11.413333,39306870
26-04-2000,11.773333,12.326666,11.773333,12.326666,13693905
27-04-2000,13.2,13.2,12.326666,12.776666,42644295
28-04-2000,12.777777,12.997777,12.466666,12.648888,16091325
01-05-2000,12.648888,12.648888,12.648888,12.648888,0
02-05-2000,12.555555,12.755555,11.666666,11.732222,19518795
03-05-2000,11.155555,12.1,11.002222,11.682222,26214345
04-05-2000,11.777777,12.377777,11.555555,12.203333,23126985
05-05-2000,12.306666,12.733333,12.2,12.542222,28845900
08-05-2000,12.711111,13.18,11.538888,11.563333,21826890
09-05-2000,11.251111,12.022222,11.111111,11.757777,19544895
10-05-2000,11.888888,12.343333,11.533333,11.844444,50368050
11-05-2000,11.777777,12.122222,11.444444,11.85,25414065
12-05-2000,11.997777,12.631111,11.8,12.432222,60344190
15-05-2000,12.266666,13.111111,11.911111,12.898888,39295890
16-05-2000,13.004444,14.106666,13.004444,13.906666,60499710
17-05-2000,14.111111,14.222222,13.622222,13.745555,54674685
18-05-2000,13.556666,13.888888,13.222222,13.437777,33660045
19-05-2000,13.267777,13.822222,13.224444,13.756666,25232940
22-05-2000,13.666666,14.173333,13.583333,13.965555,32256225
23-05-2000,14.012222,14.444444,13.938888,14.291111,34554555
24-05-2000,14.222222,14.644444,13.377777,13.887777,50074470
25-05-2000,13.644444,14.866666,13.644444,14.545555,87081570
26-05-2000,14.664444,15.088888,14.336666,14.928888,67468050
29-05-2000,14.888888,15.111111,14.666666,14.9,35270865
30-05-2000,14.955555,16.644444,14.844444,16.425554,70961985
31-05-2000,17.111111,17.533333,15.755555,16.124443,133330680
01-06-2000,15.896666,16.288889,15.357777,15.458888,53579205
02-06-2000,15.622222,15.977777,15.245555,15.477777,55752840
05-06-2000,15.775555,16.088888,14.688888,14.78,63830700
06-06-2000,14.688888,15.107777,14.446666,14.843333,44796780
07-06-2000,14.866666,15.552222,14.777777,15.294444,39737520
08-06-2000,15.443333,15.843333,15.334444,15.724444,41471595
09-06-2000,15.6,16.022223,15.355555,15.544444,38582685
12-06-2000,15.622222,15.622222,15.144444,15.294444,18363600
13-06-2000,15.177777,15.444444,15.066666,15.33,17628975
14-06-2000,15.486666,15.655555,15.266666,15.506666,27043065
15-06-2000,15.555555,16.155556,15.488888,15.931111,40404690
16-06-2000,15.973333,16.268888,15.888888,16.082222,28782450
19-06-2000,16.111111,16.685555,16.068888,16.383333,35595090
20-06-2000,16.577778,17.006666,16.444445,16.697777,38012490
21-06-2000,16.888887,16.991112,15.933333,16.110001,27444105
22-06-2000,16.088888,16.533333,15.777777,16.355555,21536910
23-06-2000,16.333332,16.886665,16.133333,16.43111,48757500
26-06-2000,16.311111,16.551111,16,16.110001,24536790
27-06-2000,16.046665,16.355555,15.915555,16.016666,26857530
28-06-2000,15.955555,17.044443,15.933333,16.764444,46707165
29-06-2000,17.088888,17.888887,16.967777,17.752222,80790705
30-06-2000,17.556665,17.882221,17.377777,17.595554,52716465
03-07-2000,17.733334,18.311111,17,18.158888,83566305
04-07-2000,18.222221,18.301111,17.892221,17.992222,32791365
05-07-2000,17.777777,18.072222,17.513332,17.742222,37335555
06-07-2000,17.544443,18.097776,17.357777,17.986666,63287955
07-07-2000,18.111111,18.728888,18.002222,18.51,73629630
10-07-2000,18.58,18.842222,18.278889,18.621111,52347330
11-07-2000,18.49,19.266666,18.379999,19.183332,116786475
12-07-2000,19.222221,19.222221,18.555555,18.788889,25869870
13-07-2000,18.844444,19.553333,18.401112,18.517776,111546675
14-07-2000,18.6,18.866667,18.222221,18.33,46524645
17-07-2000,18.245556,18.245556,17.111111,17.371111,48396195
18-07-2000,17.187777,18.352222,17.186666,17.91,74547315
19-07-2000,17.808887,18.153334,17.377777,17.437777,28799325
20-07-2000,17.379999,17.752222,16.933332,17.098888,42449355
21-07-2000,17.177776,17.43111,16.59,16.75,41353470
24-07-2000,16.523333,16.822222,16.266666,16.425554,41103855
25-07-2000,16.145555,17.219999,16.145555,16.793333,51129495
26-07-2000,16.777777,17.022223,16.139999,16.27,28042245
27-07-2000,16.177776,16.445555,15.577777,16.370001,33789330
28-07-2000,16.533333,17.286667,16.361111,16.623333,54894375
31-07-2000,16.59,16.973333,16.355555,16.487778,22842315
01-08-2000,16.577778,16.821112,16.295555,16.704445,22151205
02-08-2000,16.641111,16.977777,16.512222,16.872223,19092735
03-08-2000,16.997778,17.166666,16.6,16.656666,31750110
04-08-2000,16.695555,17.186666,16.49,16.912222,49501035
07-08-2000,17,17.488888,16.955555,17.225555,44228655
08-08-2000,17.311111,17.444445,17.058887,17.293333,26270415
09-08-2000,17.288889,17.33,16.888887,17.075556,32865345
10-08-2000,17.155556,17.311111,17,17.052221,28594170
11-08-2000,17.088888,17.133333,16.691111,16.916666,20701125
14-08-2000,17,18.268888,16.755554,17.818888,44661735
15-08-2000,17.818888,17.818888,17.818888,17.818888,0
16-08-2000,18.397778,18.643333,17.756666,18.195555,60696270
17-08-2000,18.186666,18.355555,17.666666,17.774445,30045150
18-08-2000,17.799999,18,17.468887,17.634443,27087525
21-08-2000,17.555555,17.786667,17.224443,17.353333,19640430
22-08-2000,17.5,17.688889,16.916666,17.027777,41503410
23-08-2000,17.165554,17.464443,17.004444,17.258888,27180135
24-08-2000,17.307777,17.464443,17.006666,17.1,16098840
25-08-2000,17.200001,17.308887,16.846666,16.895555,25558245
28-08-2000,16.844444,17.044443,16.733334,16.976665,11451780
29-08-2000,16.911112,17.217777,16.911112,17.044443,19062540
30-08-2000,17.111111,17.219999,16.799999,16.872223,10148985
31-08-2000,16.837776,17.311111,16.799999,17.243334,21257055
01-09-2000,17.243334,17.243334,17.243334,17.243334,0
04-09-2000,17.377777,17.533333,17.1,17.143333,20557035
05-09-2000,17.218887,17.4,17.111111,17.163334,17462925
06-09-2000,17.175554,17.237778,16.853333,16.988888,21631095
07-09-2000,17.066666,17.219999,16.922222,16.977777,9221040
08-09-2000,16.988888,17.217777,16.888887,16.948889,16205625
11-09-2000,16.997778,17.041111,16.822222,16.913334,10282770
12-09-2000,16.888887,18.775555,16.888887,18.447777,101217915
13-09-2000,18.662222,19.066666,18.222221,18.673332,60865695
14-09-2000,18.557777,18.755554,18.235556,18.301111,28144125
15-09-2000,18.422222,18.442223,17.780001,17.893333,25085340
18-09-2000,17.777777,17.866667,17.245556,17.32,20260935
19-09-2000,17.225555,17.4,16.666666,16.754444,27610515
20-09-2000,17.155556,17.244444,16.866667,17.095554,8048160
21-09-2000,17.200001,17.755554,17.046665,17.162222,24553170
22-09-2000,17.09111,17.111111,15.835555,16.1,32197950
25-09-2000,16.555555,16.844444,15.955555,16.242222,20773260
26-09-2000,16.248888,16.533333,16.004444,16.244444,22048695
27-09-2000,16.066666,16.532223,16.044443,16.295555,12863115
28-09-2000,16.308887,16.51111,15.603333,15.771111,26245575
29-09-2000,15.996666,16.177776,15.733333,15.848888,18193410
02-10-2000,15.848888,15.848888,15.848888,15.848888,0
03-10-2000,15.838888,16.132221,15.622222,15.852222,14850000
04-10-2000,15.977777,16.177776,15.887777,16.087776,10416060
05-10-2000,16.153334,16.493334,16.012222,16.082222,24849045
03-01-2000,54,56.740002,53.125,56.450001,1637610
04-01-2000,56.990002,56.990002,54.200001,55.09,837330
05-01-2000,52.5,55.200001,52,52.794998,854660
06-01-2000,53,56.209999,53,54.560001,1328510
07-01-2000,54,58.924999,54,58.91,3353820
10-01-2000,62.5,62.794998,57.900002,59.43,1858870
11-01-2000,57.5,58.299999,54.68,56.68,1527270
12-01-2000,58.5,58.880001,56.5,57.494999,410470
13-01-2000,59.400002,59.400002,55.599998,55.84,472060
14-01-2000,56,56,54.099998,54.935001,372820
17-01-2000,55.5,56.700001,55,55.755001,530120
18-01-2000,55.099998,55.169998,53.5,53.785,783580
19-01-2000,55,55.490002,53.150002,53.794998,789520
20-01-2000,53.950001,54.099998,52.200001,52.419998,443590
21-01-2000,52.509998,53.900002,51.82,53.125,430100
24-01-2000,53.25,53.5,52.224998,52.404999,436020
25-01-2000,52.009998,52.400002,49.099998,49.48,1211950
26-01-2000,49.48,49.48,49.48,49.48,0
27-01-2000,50,50,48.299999,49.075001,1713620
28-01-2000,49.5,51.400002,49.310001,49.580002,1842680
31-01-2000,49.099998,49.200001,47.700001,48.224998,873570
01-02-2000,48.5,48.900002,46.555,46.970001,901120
02-02-2000,49,49,43.224998,43.814999,2163590
03-02-2000,43.875,44.799999,42.220001,42.779999,2588490
04-02-2000,44.900002,46.205002,44.889999,46.205002,1446730
07-02-2000,49.599998,49.904999,47,49.904999,1921900
08-02-2000,53.5,53.900002,50.700001,51.110001,2340810
09-02-2000,54,55.200001,53.900002,55.200001,1022560
10-02-2000,57,59.619999,54.209999,59.014999,4443300
11-02-2000,56,59.400002,55.099998,55.59,1798570
14-02-2000,56.200001,56.200001,53.130001,54.34,1108600
15-02-2000,53.5,57.889999,53.110001,54.255001,2245110
16-02-2000,56.5,57.790001,55.799999,56.040001,1164040
17-02-2000,57.040001,57.709999,55.119999,55.939999,572990
18-02-2000,56.900002,60.360001,56.5,57.939999,3356990
21-02-2000,59.494999,61.5,57.110001,59.555,1758160
22-02-2000,59.5,59.5,55.125,55.645,1093190
23-02-2000,58.200001,59.099998,52,52.564999,1151330
24-02-2000,53.834999,53.834999,48.509998,50.345001,1026010
25-02-2000,50,52.700001,49.509998,50.605,530710
28-02-2000,53.990002,54.654999,52.700001,54.5,1848900
29-02-2000,55.5,55.900002,50.139999,50.355,1838950
01-03-2000,51.285,51.285,47.525002,48.509998,1109310
02-03-2000,49.349998,49.349998,44.630001,44.630001,1545850
03-03-2000,42.5,43.5,41.060001,41.490002,1545830
06-03-2000,42.299999,43.900002,41.599998,42.855,840840
07-03-2000,42.209999,43,39.450001,41.330002,1565080
08-03-2000,42,42.990002,40.110001,42.195,671100
09-03-2000,42.799999,44.5,39.599998,41.654999,857240
10-03-2000,41.099998,41.75,38.5,39.115002,905660
13-03-2000,39.5,40.599998,37.599998,38.334999,439440
14-03-2000,37.5,41.404999,36,41.384998,1216950
15-03-2000,43.400002,43.400002,41,41.91,753460
16-03-2000,42.5,42.5,40.305,41.255001,704780
17-03-2000,41.255001,41.255001,41.255001,41.255001,0
20-03-2000,41.255001,41.255001,41.255001,41.255001,0
21-03-2000,40.650002,41.599998,39.299999,40.384998,850590
22-03-2000,40.599998,42,38.025002,40.25,683960
23-03-2000,40.799999,41,39.5,40.02,418640
24-03-2000,40,40.700001,39.205002,40.244999,271310
27-03-2000,40.349998,40.799999,39.799999,40.169998,442280
28-03-2000,40.799999,40.799999,38.5,39.345001,851600
29-03-2000,40,40.700001,39.400002,39.514999,331500
30-03-2000,38.799999,39.900002,38.310001,39.294998,397210
31-03-2000,38.799999,39.5,37.799999,38.435001,821540
03-04-2000,40,40,36.049999,36.855,1049040
04-04-2000,35.5,36.5,33.91,34.560001,1701100
05-04-2000,35.610001,36,33.525002,33.895,2119240
06-04-2000,34.400002,34.5,32.900002,33.950001,933100
07-04-2000,34.490002,36.669998,34.490002,36.669998,1844810
10-04-2000,38.744999,38.744999,36.299999,37.200001,1467250
11-04-2000,36,37.09,35.700001,36.724998,713220
12-04-2000,36.5,36.799999,35.5,35.91,630790
13-04-2000,35,35,33.5,34.259998,1316410
14-04-2000,34.259998,34.259998,34.259998,34.259998,0
17-04-2000,32.5,36.599998,31.6,34.775002,2360340
18-04-2000,36,37,34.915001,36.205002,1372560
19-04-2000,36.5,37,35,35.610001,1325680
20-04-2000,34.599998,35.200001,34.5,34.959999,1408250
21-04-2000,34.959999,34.959999,34.959999,34.959999,0
24-04-2000,35.099998,35.494999,34,34.759998,1193410
25-04-2000,34,35.099998,32.424999,34.904999,1802930
26-04-2000,37.470001,37.470001,34.900002,35.994999,2820910
27-04-2000,35.299999,35.450001,33.41,34.105,1315680
28-04-2000,34.200001,34.5,33.799999,34.084999,407070
01-05-2000,34.084999,34.084999,34.084999,34.084999,0
02-05-2000,34.299999,34.5,31.360001,33.700001,1367910
03-05-2000,33,34.189999,31.6,33.615002,1071980
04-05-2000,34.299999,35.974998,34.110001,35.419998,1436370
05-05-2000,35.200001,37.189999,35.099998,36.860001,3530860
08-05-2000,37.200001,38,36.375,36.514999,594410
09-05-2000,36.200001,36.400002,35.235001,35.785,983530
10-05-2000,35.200001,37.474998,35,35.974998,1081510
11-05-2000,35.514999,36.380001,33.424999,35.82,311720
12-05-2000,36.200001,36.900002,35.150002,35.369999,684590
15-05-2000,35.509998,35.509998,34.115002,35.18,340740
16-05-2000,35.400002,35.490002,34.799999,35.25,427230
17-05-2000,35.400002,35.450001,34.900002,35.130001,361330
18-05-2000,34.799999,36.200001,34.799999,35.775002,427130
19-05-2000,35.900002,36.200001,35.305,35.555,299820
22-05-2000,35.119999,35.5,35,35.32,309380
23-05-2000,34.955002,35.599998,34.700001,35.259998,310910
24-05-2000,35.189999,35.474998,34.755001,35.355,274070
25-05-2000,35.700001,36,35.25,35.709999,142970
26-05-2000,36.200001,36.400002,35.209999,35.945,1260430
29-05-2000,35.990002,37.099998,35.415001,36.139999,384030
30-05-2000,36.099998,36.799999,35.549999,36.360001,391090
31-05-2000,36.700001,37.900002,36.25,36.439999,1065920
01-06-2000,36.470001,36.474998,35.099998,35.294998,350340
02-06-2000,35.009998,35.494999,34.099998,34.529999,606300
05-06-2000,34.099998,35.404999,34.099998,35.009998,758250
06-06-2000,35.400002,35.400002,34.115002,34.555,636160
07-06-2000,34.700001,35,34.200001,34.814999,326420
08-06-2000,35.195,35.5,34.799999,35.195,586060
09-06-2000,35.775002,36.580002,34.700001,35.605,2042920
12-06-2000,36.900002,38.455002,35.900002,36.220001,2282100
13-06-2000,36,36.139999,35.299999,35.584999,1038050
14-06-2000,36,36.5,34.5,35,1042420
15-06-2000,35,35.400002,34.700001,34.945,530580
16-06-2000,35.189999,35.490002,34.200001,34.544998,1209170
19-06-2000,32.654999,34,32.599998,33.470001,1581820
20-06-2000,32.900002,34.09,32.900002,33.775002,1383180
21-06-2000,34.990002,34.990002,33.299999,33.610001,970430
22-06-2000,33.5,33.950001,33.209999,33.830002,272480
23-06-2000,33.52,34.099998,33.299999,33.384998,660260
26-06-2000,33.205002,33.205002,32.200001,32.955002,499590
27-06-2000,33.490002,33.799999,32.59,32.82,927330
28-06-2000,33.470001,33.470001,32.724998,33.095001,376200
29-06-2000,33.695,33.695,33.099998,33.264999,214870
30-06-2000,33.490002,33.5,32.91,33.264999,385510
03-07-2000,33.584999,34.380001,33.299999,34.084999,864460
04-07-2000,33.650002,34.799999,33.650002,34.139999,793120
05-07-2000,34.5,34.900002,34.099998,34.220001,822450
06-07-2000,34.200001,34.299999,33.700001,34.139999,536960
07-07-2000,34.27,35.900002,34,34.689999,1687560
10-07-2000,35.099998,35.290001,32.900002,33.415001,1929890
11-07-2000,33.049999,33.424999,32.099998,32.34,1412850
12-07-2000,32.695,32.695,32.25,32.400002,1654230
13-07-2000,32.59,32.689999,31.705,31.889999,1454130
14-07-2000,32.09,32.400002,31.9,31.995001,833310
17-07-2000,31.9,32.290001,30.799999,31.07,1673370
18-07-2000,30.65,30.995001,29.32,29.584999,2806940
19-07-2000,30,30.355,29.424999,29.610001,1688480
20-07-2000,29.4,29.775,28.6,28.875,1428150
21-07-2000,29.200001,29.5,27.799999,28.1,1885700
24-07-2000,27.6,27.6,25.5,25.74,1827580
25-07-2000,24.504999,26.25,24.504999,25.575001,2729550
26-07-2000,26.305,27.4,24.75,24.870001,2141040
27-07-2000,24.504999,25.389999,23.5,25.08,1357550
28-07-2000,25.1,25.1,22.905001,23.450001,3332950
31-07-2000,23.4,23.790001,22.674999,23.084999,1538730
01-08-2000,23.01,24.1,23.01,23.27,3282860
02-08-2000,23.99,24.395,23.6,24.135,2380200
03-08-2000,24.200001,24.290001,23.75,24.02,1383580
04-08-2000,24.200001,24.200001,23.6,23.875,1144420
07-08-2000,23.825001,24.15,23.809999,23.969999,557590
08-08-2000,23.705,24.049999,23.705,23.915001,729750
09-08-2000,23.91,24.08,22.805,23.605,1156880
10-08-2000,23.504999,23.799999,23.200001,23.629999,428890
11-08-2000,23.325001,23.59,23.219999,23.485001,511740
14-08-2000,23.700001,23.700001,22.65,22.934999,1877480
15-08-2000,22.934999,22.934999,22.934999,22.934999,0
16-08-2000,23.424999,23.424999,23.125,23.344999,404860
17-08-2000,23.65,23.65,22.799999,22.860001,851130
18-08-2000,22.85,23.1,22.205,22.424999,1616180
21-08-2000,22.584999,23.799999,22,22.82,2457620
22-08-2000,22.799999,23.35,22.700001,23.15,1179440
23-08-2000,23.1,23.790001,22.975,23.155001,1714490
24-08-2000,23.145,23.389999,22.465,22.674999,1155830
25-08-2000,22.84,23.27,22.625,22.775,1358790
28-08-2000,23.190001,24.040001,22.555,23.42,2505200
29-08-2000,23.5,23.879999,23,23.16,2127110
30-08-2000,23.280001,23.6,22.799999,23.139999,1605520
31-08-2000,23.120001,23.145,22.799999,22.934999,1021370
01-09-2000,22.934999,22.934999,22.934999,22.934999,0
04-09-2000,23.115,23.299999,23.035,23.075001,920530
05-09-2000,23.245001,23.485001,23.065001,23.15,1850260
06-09-2000,23.485001,25.440001,23.4,25.200001,5757470
07-09-2000,25.295,25.58,24.52,24.645,4439910
08-09-2000,24.309999,24.950001,24.26,24.379999,1632410
11-09-2000,24.879999,26.1,24.6,25.41,4773810
12-09-2000,25.549999,25.790001,25.065001,25.32,2015570
13-09-2000,25.940001,25.940001,24.809999,24.959999,1309920
14-09-2000,25.1,25.1,24.549999,24.655001,646750
15-09-2000,24.555,24.875,23.65,23.799999,1449580
18-09-2000,23.5,23.6,23.200001,23.26,580520
19-09-2000,22.700001,23.5,22.35,22.58,2129180
20-09-2000,23.4,23.4,22.51,22.975,988720
21-09-2000,22.9,23.174999,22.700001,22.815001,663850
22-09-2000,22.6,22.65,21.655001,21.950001,992620
25-09-2000,22.200001,22.775,21.799999,22.4,513080
26-09-2000,22.495001,22.5,21.92,22.190001,1021620
27-09-2000,22.275,22.275,21.955,22.01,1143270
28-09-2000,22.1,22.18,20.25,20.594999,1765380
29-09-2000,20.995001,20.995001,19.85,20.184999,2623810
02-10-2000,20.184999,20.184999,20.184999,20.184999,0
03-10-2000,19.905001,20.469999,19.799999,20.049999,1976380
04-10-2000,20.495001,20.700001,20.190001,20.48,849000
05-10-2000,20.415001,20.75,20.129999,20.205,465220
06-10-2000,20.004999,20.15,19.674999,19.889999,956950
09-10-2000,19.950001,20.09,19.809999,19.885,617280
10-10-2000,19.985001,19.985001,19.5,19.6,1067910
